filename, withMask, withoutMask
513_aug_png.rf.3010c89fd15272ce0b15c5202148cac0.jpg, 1, 0
260_aug_png.rf.30c7e136a2e7ef6322c2834d23d1c817.jpg, 0, 1
244_aug_png.rf.2eb2468c30bf3545c33257ec274d5619.jpg, 0, 1
573_aug_png.rf.2e93abd59f267218b1f62cf680382f37.jpg, 1, 0
235_png.rf.2f517311554bdb57d50a6def8bd33511.jpg, 0, 1
22_aug_png.rf.2da465152e0458cb429e98febd27312f.jpg, 0, 1
342_aug_png.rf.31892ba96bf6b3352739a54b74b452b7.jpg, 0, 1
1255_aug_png.rf.2e725db080a628beb201e03288d67666.jpg, 1, 0
735_aug_png.rf.2b1dad7d43bd89a7065c2eb2c2a5eade.jpg, 1, 0
1632_png.rf.2b9af8d5cb0d5447e50ac8a136e56b1e.jpg, 1, 0
1079_aug_png.rf.2e6f65fc04191c6315058d8e0f9603e2.jpg, 1, 0
187_png.rf.2ff710394b6e90acac4095ce0da893ed.jpg, 1, 0
285_aug_png.rf.2b3d73f22617c6b28b8c0f0e4d6246eb.jpg, 1, 0
166_aug_png.rf.2b83fe72216f65c028cbece319bbaa72.jpg, 0, 1
268_aug_png.rf.29e90c62dd4fd7454f0b49820b9f4b36.jpg, 0, 1
743_aug_png.rf.2f238935f5067c23cbdfa0e31a53ddad.jpg, 1, 0
1129_png.rf.2ac6b6da2bcd8fe0b3dcf5eb5cd0195a.jpg, 1, 0
366_aug_png.rf.29caf879170ad110dc8bce1121a34692.jpg, 0, 1
Augmented_540_2621888_png.rf.29561532ee5145428008da4252755a72.jpg, 1, 0
590_png.rf.2b3cfe875c32c6128c0407f20d26885e.jpg, 1, 0
201_png.rf.31b99c969024a4f784bf18c12af938c6.jpg, 0, 1
524_aug_png.rf.31c44d969c90d9a4bdcf9f1417363e95.jpg, 1, 0
139_png.rf.31cc00e9681d7e8872dc6cab30d3d0e5.jpg, 0, 1
739_png.rf.2cdbf70f114a8e5f6fef0ca70b4c448c.jpg, 1, 0
734_png.rf.2975f35ae49ba715520343401270c604.jpg, 1, 0
1337_png.rf.2e3776564fe7825b3e06a1f946a784e0.jpg, 1, 0
363_png.rf.31daac52c59a66cc4181cbac029cdbdb.jpg, 0, 1
181_png.rf.29246359ebacdc999cf509fb4da0fbcf.jpg, 0, 1
238_aug_png.rf.2c36b1f9bec5eae0cc6969b91f5dc2c4.jpg, 0, 1
360_aug_png.rf.329395b3c56c60e15ee9d764c847acfa.jpg, 0, 1
172_aug_png.rf.3292a77e2896f646762fb5d4687f34e4.jpg, 0, 1
1115_aug_png.rf.3288ef732ba50623e4f09321f69b45fa.jpg, 1, 0
1105_png.rf.3344c7bcb348d67f0383d623da1a840b.jpg, 1, 0
886_aug_png.rf.32af20cd8f75696d3bf3e05a06e06073.jpg, 1, 0
779_png.rf.33a97b09587b4cc15fdfcf8ca5dd268d.jpg, 1, 0
Augmented_757_1202049_aug_png.rf.33591844f06bb6b585dead37431817f6.jpg, 1, 0
1158_aug_png.rf.32cefe892ba7191e635a36f8a6081daa.jpg, 1, 0
32323_aug_png.rf.35a91a3a44d534f8c1b18209ebef885c.jpg, 1, 0
236_aug_png.rf.357ee8eca85f92ddb8f09a27e2a1f659.jpg, 0, 1
321_aug_png.rf.35bf1f5c946b0af857cdabd6e9004279.jpg, 0, 1
196_aug_png.rf.33afd31d7e05347e991ad46261503d9e.jpg, 0, 1
43_aug_png.rf.3645f41b7d967de363ab604876aa2bde.jpg, 0, 1
481_png.rf.367985a5fe4d884c374ef11d03ebe02d.jpg, 1, 0
78_aug_png.rf.35f8b1573d8887b5208decd3deee3494.jpg, 0, 1
1260_png.rf.364d0056b959fca61a859140162bf7bc.jpg, 1, 0
1599_png.rf.37861474a80ae757800002e45a5ac468.jpg, 1, 0
65_aug_png.rf.3708231623882b7d0b1ee46862eefe2a.jpg, 0, 1
33_png.rf.3700974feac843248296647b5e78e9f1.jpg, 0, 1
255_aug_png.rf.369b0436af718fdb16a563861addfb08.jpg, 0, 1
198_png.rf.37b1d008337e803d6aa22e9701dd841b.jpg, 0, 1
354_png.rf.38add4d09efc842c4bce44ed6dfdde2e.jpg, 0, 1
340_aug_png.rf.3978173fbea4a48608d354f266b75b4e.jpg, 0, 1
246_png.rf.37a15f20c41c13f317a6cee3ba3bc371.jpg, 0, 1
1632_aug_png.rf.37d90b61c765202d63498b7b292019a3.jpg, 1, 0
Augmented_18_2644445_png.rf.3958b61f4e9579cf8d400ed05be2bd72.jpg, 1, 0
121_png.rf.3885b4b656b38d9823c53fcb5019b914.jpg, 0, 1
201_aug_png.rf.39b69dedbfa719da5225ab31b919d913.jpg, 0, 1
129_aug_png.rf.3a36976d6a2de8fe42f618d11233c533.jpg, 0, 1
375_png.rf.39b87f38940b94ce482031a8e414eab5.jpg, 0, 1
285_png.rf.3a3baa15455e78d23f4d110017c0195c.jpg, 1, 0
1064_aug_png.rf.38a73bb3fc6a2037bd1a843c9ed5273d.jpg, 1, 0
Augmented_105_2879173_png.rf.3a89fe4d3a10d51f7ece589edb8b9d66.jpg, 1, 0
1126_aug_png.rf.3b93c4b33609e8a5379f7933b9cf82c5.jpg, 1, 0
1062_aug_png.rf.3b815eedf9f1a6c8e388581c541f9e61.jpg, 1, 0
424_aug_png.rf.3b9682f89724e96cd3c8a91f50192bd1.jpg, 1, 0
1566_png.rf.3c402257f740180649869cbd8064d36d.jpg, 1, 0
135_aug_png.rf.3bf6932c1b8d82495f7996a2a9c9da94.jpg, 0, 1
1477_aug_png.rf.3c09822d06da1bd0bb0adfd9a05f95b2.jpg, 1, 0
759_png.rf.3c420c34ddd7eb348635828151946230.jpg, 1, 0
956_aug_png.rf.3dd879c937c589ef47bba96c6cfca41c.jpg, 1, 0
481_aug_png.rf.3d2c31c7a64f155a35c267cbd51c126c.jpg, 1, 0
1503_png.rf.3e9e59b2a301e8f39f21ff5fef84d379.jpg, 1, 0
1502_png.rf.3d151708903a922f9423fba0398ba18a.jpg, 1, 0
853_aug_png.rf.3f1db1b142955017ef27d47b56095837.jpg, 0, 1
Augmented_18_2644445_aug_png.rf.3f13c18e92532f8b289e8091b4180671.jpg, 1, 0
562_png.rf.4019fe03be0eeea6136b36fd07c237b6.jpg, 1, 0
703_png.rf.3fabb80e013af92a215ff3312a40c055.jpg, 0, 1
916_png.rf.3fe4a60ee67166484137f15f9989e55b.jpg, 1, 0
30_aug_png.rf.3f2517d92a61369c4a8247a2d070e624.jpg, 0, 1
4_aug_png.rf.3f6b3f8c010e7c64ad20b0f8ffb3d197.jpg, 0, 1
70_png.rf.40c78dc39bd30eddf3c365c7c7bb110c.jpg, 0, 1
1114_png.rf.40da98fff278bc015594748680270774.jpg, 1, 0
241_png.rf.42243931bc298402ce53659ef52d3fa2.jpg, 0, 1
340_png.rf.4394edcebce373cf9ce32c03c94d0183.jpg, 0, 1
747_png.rf.40bb4b0ffb4c3f9d7c5863d3fe408914.jpg, 1, 0
389_aug_png.rf.425107af2febdba58c9916ff6717125c.jpg, 0, 1
24_aug_png.rf.44076bef59b79736f17d4cec7ae2c5bd.jpg, 0, 1
337_png.rf.441319869ef438434bcfa9df27bb940e.jpg, 0, 1
101_png.rf.4371ebc953ca88c2ac9955aa0f5b6bfd.jpg, 0, 1
55_png.rf.418a33e675f03085cbcb7380dea65252.jpg, 0, 1
341_aug_png.rf.454f5f24dad0a7f78955392c9b0ade29.jpg, 0, 1
1196_aug_png.rf.45fbce5055f1de7a2565ca9639b5f282.jpg, 1, 0
838_aug_png.rf.462e98a8391c02129c632525c31da16a.jpg, 1, 0
569_aug_png.rf.4574ce5422c60ce4698456b7e9a88d8d.jpg, 1, 0
204_png.rf.464182d548a7972acb6258a1fc8e2141.jpg, 0, 1
71_aug_png.rf.4674460ed243895fa88802f9d7517872.jpg, 0, 1
199_png.rf.47243864a85f4ca4dbb265f54f426e4c.jpg, 0, 1
968_aug_png.rf.46ebcd0ad3b73ae241afe04866a57d51.jpg, 1, 0
25_png.rf.48ec757ab24aaefe1bfc64c894b80441.jpg, 0, 1
251_aug_png.rf.483c2b45c8e8544e3307967f93085b74.jpg, 0, 1
1030_aug_png.rf.48583d8d008aa816765989302c246b1c.jpg, 1, 0
272_aug_png.rf.492ac7b3b127c70b4dcb5b23edcde97f.jpg, 0, 1
253_aug_png.rf.49aa6b2e546649c159964ea60c58896c.jpg, 0, 1
1243_aug_png.rf.497d2b739495670ffa5e6ed377028e6a.jpg, 1, 0
212121_png.rf.484d6f2a4f1765edec469ab5dd93c931.jpg, 1, 0
235_aug_png.rf.4b479545f52b85889dd794fc13a7c2f4.jpg, 0, 1
154_png.rf.4b6a50906c6be9462d930773a970d542.jpg, 0, 1
23_aug_png.rf.4c64e263e32183a68018a5be5420e2d1.jpg, 0, 1
56799_png.rf.4d234134dd4527cac1c788dc463b7b36.jpg, 1, 0
360_png.rf.4ea2e993da9aa0c028d2e84eecbf1fa0.jpg, 0, 1
270_aug_png.rf.4d278d183981866b1217e92bb1a4888d.jpg, 0, 1
64_aug_png.rf.4d6c9600c19658a62d5403f80432e9fb.jpg, 0, 1
568_aug_png.rf.4e430c39727d8056355e8d1da341064b.jpg, 1, 0
331_png.rf.493bdb9c5be7e4eb61d2a59de426e480.jpg, 0, 1
244_png.rf.4fb21daddfcaf611d9c5cd3397901f2e.jpg, 0, 1
38_aug_png.rf.4ed641a9a8d97847cb294079c3d3dcb3.jpg, 0, 1
10_png.rf.4c13fccd092a403caced508047fbdaf6.jpg, 0, 1
295_png.rf.4b00bb2ba98b9dfca4b826424dc7b094.jpg, 0, 1
474_aug_png.rf.506c8f3973119adf8249f1328af8c693.jpg, 1, 0
234_aug_png.rf.50517fbb529c75f3a9baf23f40cd635e.jpg, 0, 1
37_png.rf.503446afe9eb697758f9c2c564d4fd15.jpg, 0, 1
918_aug_png.rf.5085c57b6f0e4bdf9fcf7be5c3696566.jpg, 1, 0
785_aug_png.rf.506fd1041c287af38ebd7b2241270b8f.jpg, 1, 0
189_aug_png.rf.50ada1251cc2668567f313b1d1b7dd1c.jpg, 0, 1
582_png.rf.4fa38f63169ed5d172a6554dcbc84f2c.jpg, 1, 0
36_png.rf.519b7bcc5781e6484af2dbe1e2a6b8a6.jpg, 0, 1
764_png.rf.51a2c00f3d7c55172d032f8bb6f64456.jpg, 1, 0
673_png.rf.52d59c566920083479f6fb87cfe922fd.jpg, 1, 0
309_png.rf.526ab5d09ae676a1b3bf5ce441f1ea22.jpg, 0, 1
590_aug_png.rf.526ad8d199b18aabb1fb6f9a71351649.jpg, 1, 0
176_png.rf.51cc19eab4f2caaa989da905cec6f2aa.jpg, 0, 1
932_aug_png.rf.5154bbf7cac246a49bd42a85d2ab6de9.jpg, 1, 0
113_aug_png.rf.53a2c30e7a2ee17a97000e67307c4cb6.jpg, 0, 1
1125_aug_png.rf.54156ed2332e1abbe890579ee1b3e75f.jpg, 1, 0
118_png.rf.5461da9e47b5b1fca0b718f89e2facc5.jpg, 0, 1
1360_png.rf.53d98556aa61d4e8a6a9b405f4afd106.jpg, 1, 0
1218_aug_png.rf.5538476ec5d6d8628a3fbe359e210e62.jpg, 1, 0
627_png.rf.5558ad89df442be03a44b78ab4c636c2.jpg, 1, 0
957_png.rf.54f0f44a1d8e7131ef5ef7a61c9d41fa.jpg, 1, 0
64_png.rf.5559dc5c4bce5beb0960272e89940389.jpg, 0, 1
Augmented_94_1984948_png.rf.5466ae5115a6151c59311925b34c2024.jpg, 1, 0
1261_aug_png.rf.5584795f6aaca37bd745a29bd497a44b.jpg, 1, 0
952_aug_png.rf.54f41add40307a169e064ab7f5e1e962.jpg, 1, 0
757_aug_png.rf.55bf2baec31b46317c5714caeb900133.jpg, 1, 0
199_aug_png.rf.58f0ac1953ff851f32ee1c8f5ab10d9d.jpg, 0, 1
532_aug_png.rf.598256f7d9afcbb236a30d315b62b44e.jpg, 1, 0
Augmented_540_2621888_aug_png.rf.562eee563805abf70391e9148ba951f5.jpg, 1, 0
370_png.rf.55a0520328ee2dca584ca80e471dbb11.jpg, 0, 1
1422_png.rf.57f17aab3aa006d4e92b5cd2bfdfdda0.jpg, 1, 0
735_png.rf.59eb316cc729f6e23540f0be23f74587.jpg, 1, 0
154_aug_png.rf.58f57ee4e1d0c8a2e442f341c6508bf6.jpg, 0, 1
214_png.rf.59f6f98d313b131d913cafa4cb5d8733.jpg, 0, 1
549_aug_png.rf.5949a5c7ec84b5e3e2ac807cd1205fcc.jpg, 1, 0
1322_png.rf.5a1b48c25b32cc3846a64991b6a37345.jpg, 1, 0
195_png.rf.5adb8fd46c0216cd44daa966be8d124e.jpg, 0, 1
268_png.rf.5b3e0bfbbf5e952b484618da058491b2.jpg, 0, 1
329_png.rf.5b6b55d43ea50b287b7450e189520f31.jpg, 0, 1
760_png.rf.5b70e6b3d89df4056c876ce86d07e056.jpg, 1, 0
88_aug_png.rf.5ba75eb4122f7289c3f8a7b7a49284bf.jpg, 0, 1
15_aug_png.rf.5bc8c0642448de8fa9731c29ead68cdc.jpg, 0, 1
519_aug_png.rf.5bd349b651a7d477231207e180c44a03.jpg, 1, 0
62_png.rf.5bb6e0aa595050984157636748bf0059.jpg, 0, 1
249_png.rf.5cc99bcdec636e998c215d45a8a77969.jpg, 0, 1
1077_aug_png.rf.5c1ccf58a6c1d459a578dea8fce7e794.jpg, 1, 0
132_png.rf.5cd7aeecef2e4fa1b8514a6fa4201234.jpg, 0, 1
963_aug_png.rf.5d4afff85b4bcd001a2e5339e969b533.jpg, 1, 0
6_aug_png.rf.5d9e7d7d51a4cd87ab61a977ded011a7.jpg, 0, 1
947_aug_png.rf.5dd844bb6fe14b43b7f02fb4c8478c30.jpg, 1, 0
365_png.rf.5e62ac46b6e1aa14ccb15eec3e9fc0a2.jpg, 0, 1
229_png.rf.6022ef1d4eaf00f65634d21f857a205f.jpg, 0, 1
23_png.rf.5cb8b57b3f8cbf0ddbbe9d7f8725ba0b.jpg, 0, 1
270_png.rf.601ba5e00408a1af28194dc286d7de79.jpg, 0, 1
237_aug_png.rf.604b4279eb50253abccdad86e5c953f6.jpg, 1, 0
308_png.rf.60bb379291aafa35f59a5e1ccf28d747.jpg, 0, 1
317_aug_png.rf.6051ffd21c8e0629894a98b221e34b0d.jpg, 0, 1
129_png.rf.604859e808c351da0256f8c4a1887eb4.jpg, 0, 1
75_png.rf.60332f920f55e414f34e91547dd3559f.jpg, 0, 1
748_aug_png.rf.631da133f89ef3baef3259f8954dca3b.jpg, 1, 0
38_png.rf.60bc88de98c70d321345d6fa74725725.jpg, 0, 1
334_aug_png.rf.5fcb6e8f0a968afa0320c763cea0ed63.jpg, 0, 1
16_aug_png.rf.62aa4e1607dcd099bac2cea09b8dc2c1.jpg, 0, 1
582_aug_png.rf.635adb1c73d170c5f032b973dd27bbec.jpg, 1, 0
148_aug_png.rf.5e74555b733004cd5dcf52e86a217de1.jpg, 0, 1
1511_png.rf.633b8ed26de13a61016a2694eaed3b90.jpg, 1, 0
717_aug_png.rf.63633b61b9d6e4ece8bbe89b78da0428.jpg, 1, 0
170_aug_png.rf.6385dd5e72d3a395c137710e4797607d.jpg, 0, 1
122_aug_png.rf.633c2d050acd014fa67b3b04fc5163fd.jpg, 0, 1
Augmented_567_8078492_png.rf.63e03efd033f3675e5f0989f814f7b16.jpg, 1, 0
Augmented_130_939150_png.rf.6373ef6cb0ff5b30e82e01b871659a3d.jpg, 1, 0
105_png.rf.64337f366b7acbfcb85ae6e83bfa6635.jpg, 0, 1
758_png.rf.64ebdfe0b33ffbd3f938efcfad7815a3.jpg, 1, 0
48_aug_png.rf.655e1ffb2cf24f9523f49913c62f5c2d.jpg, 0, 1
377_png.rf.64fb651a2cba85c90965271347ef5a0f.jpg, 0, 1
110_aug_png.rf.6507593cb2e76f5216143db8bedd3f76.jpg, 0, 1
736_aug_png.rf.64e3797a1070aa72b40eb580e5287953.jpg, 1, 0
820_png.rf.60a96683172eab7344d78d604e7a1fac.jpg, 1, 0
1260_aug_png.rf.65e72480bf5f1f9e8b0a4315772ca8ee.jpg, 1, 0
1078_png.rf.6441227de4c8fe2148e03ae2840a0b27.jpg, 1, 0
417_aug_png.rf.6641e87aba02823c1a44f6fd4b34802c.jpg, 1, 0
71_png.rf.6620060f8484fe713bc390faa82047d8.jpg, 0, 1
171_png.rf.67cabaccbdb7663694210f89d2530419.jpg, 0, 1
400_png.rf.6666380b6504cdf799c34d76fd1bf9cb.jpg, 0, 1
1566_aug_png.rf.69446e33ac125231b475f73dfd4d48d0.jpg, 1, 0
248_png.rf.68e054a1c2305008183e085b2e2b24be.jpg, 0, 1
589_png.rf.686796e6b329eec226f8e79a16b85815.jpg, 1, 0
Augmented_120_536902_png.rf.6a0411e71e3eee4b7b445c95e4b8ec82.jpg, 1, 0
336_aug_png.rf.69e930701483953c99d982bc791b5e76.jpg, 0, 1
969_aug_png.rf.6693aec40f2a9c08d6a1ca6f3bc00b58.jpg, 1, 0
469_png.rf.688f89cd524b84c27988f5f395d64f04.jpg, 1, 0
Augmented_652_2804611_aug_png.rf.6a7017332fd97186a180ff8793410760.jpg, 1, 0
299_aug_png.rf.6a704fe84fd4430c663dbfa7ed0bf4e4.jpg, 0, 1
19_aug_png.rf.6a4e84c3005d27b5d87b1b7b5d2c735b.jpg, 0, 1
412_aug_png.rf.6b320bf9a47dea6bd93ec8ebb54a15c9.jpg, 1, 0
55_aug_png.rf.6af55cbd4b5a9b67275fb6d7f7d79289.jpg, 0, 1
310_png.rf.6b81358a8df638bf2d57a6077f3def2f.jpg, 0, 1
1087_aug_png.rf.6c3114518928905dc0db67f801b0b9cf.jpg, 1, 0
560_aug_png.rf.6ceef6475aa15357110e2bda1e7af303.jpg, 1, 0
19_png.rf.6c4ff91a1f5a54bc22435e0594276a27.jpg, 0, 1
958_png.rf.6d3306539db78d16d39094e012ae263a.jpg, 1, 0
1764_aug_png.rf.6d1c61218a840bcfad024219dca2e5f5.jpg, 1, 0
249_aug_png.rf.6a12c7eb0e9ad65408b326e8d6ce2dc1.jpg, 0, 1
15_png.rf.6e02f5c80ff1ca695a032f4481a85977.jpg, 0, 1
115_png.rf.6f117a5ada63e331c25632e30977f72f.jpg, 0, 1
964_aug_png.rf.6f16d8d8840c9d5a916eee5169b190af.jpg, 1, 0
266_png.rf.6e06932d2193339f172a0fcce8500093.jpg, 0, 1
242_aug_png.rf.6f13fc0c9d49270165602fc1edab7475.jpg, 0, 1
205_aug_png.rf.6f54250009002e701c165b8c9315a457.jpg, 0, 1
Augmented_282_1324197_aug_png.rf.6fc8053a446043dedb7531be8c7543f2.jpg, 1, 0
1250_aug_png.rf.6fed7e19d691b14e1d69e6349dd38239.jpg, 1, 0
262_aug_png.rf.6fc9e69ad56c469e100d038196deedcc.jpg, 0, 1
1253_aug_png.rf.6f7bac121a8a9454f58be025371c887b.jpg, 1, 0
305_aug_png.rf.71201e4ffb5e3d8a26be371443660925.jpg, 0, 1
758_aug_png.rf.7092cfbdc32954e56c3b7032826d8d11.jpg, 1, 0
315_aug_png.rf.708620aac93eceb66ee83cdd6b6bb623.jpg, 0, 1
302_png.rf.705f9a8cd19bf33a98f31117a57fbc22.jpg, 0, 1
334_png.rf.7101bae038ec4e0178743a078353f5d0.jpg, 0, 1
182_png.rf.72e1dcb2dc50f0019ba5389766b9aa70.jpg, 0, 1
118_aug_png.rf.70002e715bd557c8ecec0550af2d8d26.jpg, 0, 1
136_aug_png.rf.730b85d4cb264dbdb83245733caf2a70.jpg, 0, 1
703_aug_png.rf.735efcaad380c3f16527452bb06df8ae.jpg, 0, 1
275_aug_png.rf.71823ba456efb9b1eddff5c2f41ecb29.jpg, 0, 1
961_png.rf.70d9f1267d11d3fe5acaab1adfdb4031.jpg, 1, 0
186_png.rf.7383ac4ace757aecb68aec09bcf4d8fc.jpg, 0, 1
1196_png.rf.73ecc776ad651f8cfa38bde7ea7ef1e9.jpg, 1, 0
322_png.rf.74a64c80a77d19942b850203f24349c9.jpg, 0, 1
36_aug_png.rf.74e926201f00dbe1c0ce37884c8f82b3.jpg, 0, 1
Augmented_735_9235977_png.rf.7436ec09b3c17ec890ce06e6c50d51c8.jpg, 1, 0
216_png.rf.74fb505cfa6cc9b6751bd72715c1793c.jpg, 0, 1
192_png.rf.73f70dcef4d2068d2591494803e711b1.jpg, 0, 1
1035_png.rf.7506b3118fd314b95e8cc77c33ff7e60.jpg, 1, 0
134_png.rf.0064cae260ed6da4f770426c1cef46be.jpg, 0, 1
707_aug_png.rf.022329222f5a6905107ebc80dc16bb3d.jpg, 1, 0
50_aug_png.rf.01d5c8c08a80e781f9ade5d00a926a65.jpg, 0, 1
197_png.rf.0340caed4601e24e37ace1f9c3a410ab.jpg, 0, 1
7_png.rf.02ff66197c560a85307c5fc185bae13d.jpg, 0, 1
927_aug_png.rf.00687558b8dfb5fc3e884f5c999824fd.jpg, 1, 0
Augmented_296_3645163_png.rf.03a2c18c9cd34c8da3380236b7293210.jpg, 1, 0
21_aug_png.rf.03a3668ba80575175eea21c025f0bba3.jpg, 0, 1
61_png.rf.04cc0fbf5605cdd26bbdec48a066728e.jpg, 0, 1
248_aug_png.rf.04815a2fde3febae71d6cc453ee58717.jpg, 0, 1
56_aug_png.rf.041c551e5954237e7b0dac5d366dd6e2.jpg, 0, 1
120_aug_png.rf.05927e40bea4c56757336a99547a3c41.jpg, 0, 1
1062_png.rf.04a9f2746af04515f44c78972f785a76.jpg, 1, 0
3132_aug_png.rf.05a54794fbbece1db9d30a310244da0e.jpg, 1, 0
324_aug_png.rf.06bc34ada62b6342598558a6c014baac.jpg, 0, 1
596_png.rf.04ef130a3fc54e44b6f82caea277a438.jpg, 1, 0
148_png.rf.03a8b17eb703c6979b7c50dc3bed5210.jpg, 0, 1
1259_png.rf.069e76fcd07972dbbf5a68b461892eff.jpg, 1, 0
789_aug_png.rf.05b91b853a0bb75d8dc7c3da212299ef.jpg, 1, 0
468_aug_png.rf.07554fd34b62b5130ea8eb6b4ee638a6.jpg, 1, 0
127_png.rf.06d4665ea7bd2a0ed8758ca8904f2690.jpg, 0, 1
1178_png.rf.07ba47062812c53be85513f5b717ff77.jpg, 1, 0
736_png.rf.07966e5b4fb81d1afd37f3ff673158a6.jpg, 1, 0
540_aug_png.rf.07561e85ba50cd0dc81f691ddab2b3d4.jpg, 1, 0
221_aug_png.rf.0827ad566d396bc3e62bdd59cb90dad6.jpg, 0, 1
974_png.rf.06da12f5e4d7ecb9fcca1f088196b4da.jpg, 1, 0
1360_aug_png.rf.082c91ae44f9c5e36e3ae617a206af2f.jpg, 1, 0
1243_png.rf.0912bc96b0ecf5606fb5aa55de8b79c4.jpg, 1, 0
296_png.rf.095112eca8e5de4d559c9297027361d5.jpg, 0, 1
916_aug_png.rf.086b1eed3dbf9a06fbadc5a8d0021957.jpg, 1, 0
1037_aug_png.rf.082b737c6e40bd6e7e155127b80ff3a0.jpg, 1, 0
717_png.rf.09bbe88f51ec3f1dfc5b47f0b86c566e.jpg, 1, 0
1087_png.rf.0a35dfcb42a3effd6a5883300450f9c1.jpg, 1, 0
293_aug_png.rf.09b5f008ff3d8482127ad48356d8b24b.jpg, 0, 1
537_png.rf.0a4d0635b0109a2fe1897df3c97b8fb0.jpg, 1, 0
125_png.rf.0ae89da076fc920d74cfa991a0834e94.jpg, 0, 1
107_png.rf.0b135e5b939f9f63b38abc7781fa5c2f.jpg, 0, 1
197_aug_png.rf.0b86db57de93b8521b8d0cbb35eea912.jpg, 0, 1
170_png.rf.0a55129db81a6768f4f70187c02c834e.jpg, 0, 1
359_aug_png.rf.0d7b3d1e5ad160539de82833582fd158.jpg, 0, 1
1431_aug_png.rf.0b87571b80524e713f707a370cc5ab17.jpg, 1, 0
82_aug_png.rf.0cb62071e934ad9db8c547767ce50b10.jpg, 0, 1
1127_aug_png.rf.0bfe6d7c05f24f3cdb8d93a6031593d0.jpg, 1, 0
212121_aug_png.rf.0c8c4cbcb28f20e0ffed83a719cc757a.jpg, 1, 0
1507_png.rf.0bda666be9c663eb18fbcf486d222f7e.jpg, 1, 0
339_aug_png.rf.0ff4343f7f4bc7f713320b746cf7080c.jpg, 0, 1
358_png.rf.0c6554710b01e610c57095c0b682d2e4.jpg, 0, 1
188_aug_png.rf.0e8cd553a9f9316c1ee40aa97aa8ec70.jpg, 0, 1
354_aug_png.rf.0bf6c35d8a26370645e750aced8d8e2a.jpg, 0, 1
1105_aug_png.rf.07126c33cd741c5b333f693a5f259168.jpg, 1, 0
1037_png.rf.1096c75540ef09341c15318af05ec507.jpg, 1, 0
323_png.rf.0dc47fecde966524ddd4edb48e51ca5d.jpg, 1, 0
1251_png.rf.11561ff0bfd96409c8dc9c22e289ce25.jpg, 1, 0
Augmented_863_5258905_aug_png.rf.1206eaef6160abc9f4b9eeb455fa207c.jpg, 1, 0
68_aug_png.rf.0e27a822f95b4f03e6bdca937b64e664.jpg, 0, 1
32_png.rf.10e8294dd955145e2fa352ebd593f57c.jpg, 0, 1
1090_png.rf.11ffdec4c64e3be4d546ff8f4840b987.jpg, 1, 0
1599_aug_png.rf.118312194c86497125bc39ce65ac77af.jpg, 1, 0
286_aug_png.rf.10e49581d2ba439338d865cdea084004.jpg, 0, 1
1159_aug_png.rf.116040dc079ca3872d4188e22d639391.jpg, 1, 0
928_aug_png.rf.12a530e0d3eedefbfa8e55b09c36eafa.jpg, 1, 0
922_aug_png.rf.12e382a0c41b8620029089e508e7ee0c.jpg, 1, 0
14_aug_png.rf.13eba372d4a38ee4096bbb480c004d18.jpg, 0, 1
381_png.rf.13afed325fac83c62898a2fdd681fcd4.jpg, 0, 1
962_png.rf.125291b1cc703f59c6619f88f46a9b89.jpg, 1, 0
737_png.rf.140d4db2bf8c9c6267e0bc8f3e6e9885.jpg, 1, 0
326_aug_png.rf.149cda23b536b51aa909513364dd80ac.jpg, 0, 1
180_aug_png.rf.128ddeac4fe9e7aac859202a4242188b.jpg, 0, 1
223_png.rf.13552c77f4fd5a2a345cab399eaab083.jpg, 0, 1
124_png.rf.147444ac0f94ba2ff0d213ff3a7b7dc9.jpg, 0, 1
Augmented_264_3012374_aug_png.rf.120edfd8d85fcb8fba9061eb2ef854d7.jpg, 1, 0
95_png.rf.1542d5a6534c1f169939e54a8de0bce9.jpg, 0, 1
206_png.rf.158113932db8885079f6a3353f8779ab.jpg, 0, 1
Augmented_117_9479645_aug_png.rf.160ad3805a76b85ba933a81b5366a56e.jpg, 1, 0
322_aug_png.rf.157133075283c2c5565b5c2093b3cfb7.jpg, 0, 1
181_aug_png.rf.14b82bcc5d427be15adef8b725121692.jpg, 0, 1
778_png.rf.1572ef66990472428398c154ded11fb4.jpg, 1, 0
00_aug_png.rf.180ef8f0b003f3b9bb29644571b739cb.jpg, 1, 0
608_aug_png.rf.16d6accda35aeb94b487ea3954f26f9f.jpg, 1, 0
1212_png.rf.182e82b500c2948ad4064c5777ea982d.jpg, 1, 0
1317_png.rf.19762cf566ff2c0ddca0e72fe68fef73.jpg, 1, 0
853_png.rf.1a7581cb59ed57b1b9d41387a09bdaa1.jpg, 0, 1
1512_aug_png.rf.18c62f93ef02b6a0642e04194281682b.jpg, 1, 0
279_png.rf.1a7c3f04d20adf25b9faa4937cb63e7b.jpg, 0, 1
Augmented_691_3472023_png.rf.19736c09f0b586659436c8c760023aa3.jpg, 1, 0
155_png.rf.19fed71098b698a80e56f9e1ea0b5f85.jpg, 1, 0
945_aug_png.rf.19d6d55a1f5afb9f37c6b9f34319ee0a.jpg, 1, 0
291_aug_png.rf.1b4123ce65322e9a618f231314ab072a.jpg, 0, 1
868_aug_png.rf.1bb58eb3414cef2fad8d3ee69e7723d1.jpg, 0, 1
764_aug_png.rf.1ab547a36937b15d41c2ab792758016f.jpg, 1, 0
179_aug_png.rf.1c9412c0b957758edfcfca4f1d3da7f2.jpg, 0, 1
232_png.rf.1c943e5f900217da558bbd2759e6309d.jpg, 0, 1
519_png.rf.1b5bf8763371d649296cc6c4a614a8b7.jpg, 1, 0
356_png.rf.1cd8e7663273e53b16ec9f3c758f2a65.jpg, 0, 1
167_aug_png.rf.1bbec7110ec2dc0355928ae8dec641bd.jpg, 0, 1
684_png.rf.1ce42bd692e6b2c0647227f475d58a74.jpg, 1, 0
957_aug_png.rf.1d621ead8082bfca6e2b4d01b1f049e9.jpg, 1, 0
80_aug_png.rf.1e23baa3c9c10714a39fcca6b82da9d2.jpg, 0, 1
125_aug_png.rf.1d080c87537821007992b3df3d0972b3.jpg, 0, 1
401_aug_png.rf.1e2c257c01edacc8c8942d8adbb9f7fb.jpg, 0, 1
945_png.rf.1e59f56add5955b0f8d534aedbeed6c4.jpg, 1, 0
172_png.rf.1d7ec6a3c123843dd3740f22e916df1a.jpg, 0, 1
359_png.rf.1d8222073ae56985d5630148b591c4d5.jpg, 0, 1
693_png.rf.21288bb9e46bbfe265831e305a33562e.jpg, 1, 0
944_png.rf.1edd98f17ba24a437354933171fbeca3.jpg, 1, 0
324_png.rf.1f9ce51561a30a02ba4c9e8eafebd248.jpg, 0, 1
1514_aug_png.rf.226591d6d52b4c5e5ce6631569970253.jpg, 1, 0
424_png.rf.21c4181c8052f4e185ec2c79b2b27307.jpg, 1, 0
330_aug_png.rf.236c837f594257fd8231e7af723fec00.jpg, 0, 1
34_png.rf.2319b6ba35e0f4e88b377d4db900be61.jpg, 0, 1
20_aug_png.rf.21bc63732cdad427e4c95662d5e1f819.jpg, 0, 1
239_png.rf.1f2690dacc68978c16050e9dfbef5817.jpg, 0, 1
1158_png.rf.23b3c3beca50fbe408011146d1e1b1fd.jpg, 1, 0
373_png.rf.24370803e3f627c1ee96f9ab7aca8a35.jpg, 0, 1
469_aug_png.rf.23c6322b4630819393658f313fbe117e.jpg, 1, 0
855_aug_png.rf.25a640c340f02cbe399c1257bfc8366d.jpg, 1, 0
1085_aug_png.rf.22847dbb26dc4ef3c913a6e3d1a3d5a3.jpg, 1, 0
88_png.rf.24626ac0e1832a0e92825b013deb1de8.jpg, 0, 1
104_aug_png.rf.24d38037715f9b8ac062271591dd4695.jpg, 0, 1
868_png.rf.23c70962b58b32acbdfaff9febad01c0.jpg, 0, 1
133_png.rf.24ebc1f2c6a2dbf349ae503dbeb3db7c.jpg, 0, 1
1124_png.rf.2775e348c4188d01684fc843e26ceddd.jpg, 1, 0
54_png.rf.27c2498d1620e46f326dadf1e7fb343e.jpg, 0, 1
106_aug_png.rf.2705de21489876404afc123dbc0fa9b1.jpg, 0, 1
423_aug_png.rf.28858e91cfddf4ba7a0cd02248ce0e70.jpg, 1, 0
274_png.rf.271257babd1b75ba55ce4cb6b3a3b247.jpg, 0, 1
370_aug_png.rf.28e4b6f6142b807fb911ea9822a31232.jpg, 0, 1
Augmented_140_6205781_png.rf.2498de5358897d7f568a91a4ac794c06.jpg, 1, 0
1002_aug_png.rf.28e2660d9e7e0d204843a82e14a07f29.jpg, 1, 0
887_aug_png.rf.2852cbddfa80e2e691a70c1ac1afc304.jpg, 0, 1
841_png.rf.277e63033ad0adc2f69d0e50d5db9f4d.jpg, 1, 0
00_png.rf.291b7cfed1d400f3e139078fd41d9052.jpg, 1, 0
928_png.rf.28fcf4e4244147f09cc9a8cbbe676087.jpg, 1, 0
58_png.rf.781823cd354085e4e9f17f0deadaba9a.jpg, 0, 1
416_aug_png.rf.787bc0f2b97f92f678379b75c674be91.jpg, 1, 0
169_png.rf.78fe3c1d3da6f76b081429ac12bb66e2.jpg, 0, 1
271_png.rf.795c3e54fdd8a174a0c0406959eee0f8.jpg, 0, 1
949_aug_png.rf.77f609a9a457f2e987b8a91ed88ab544.jpg, 0, 1
838_png.rf.7a2da08d4f4fee664de18610f4fcf88d.jpg, 1, 0
412_png.rf.7652b7b0f8d016cf2b7fe678bf75d7a4.jpg, 1, 0
325_aug_png.rf.77e9dc1c47362e799bf14c0c60e0db4a.jpg, 0, 1
82_png.rf.795fc87c6d043907031ea35ea660254c.jpg, 0, 1
142_png.rf.7b390c9c9fd641bc396ffa52b48d3d5b.jpg, 0, 1
958_aug_png.rf.7ba2f4bac56a5fe9b9835604ce3373a2.jpg, 1, 0
1251_aug_png.rf.773a50678d2c143c7db5b361e0a00adb.jpg, 1, 0
219_aug_png.rf.7bc359c83d996eddca55ebcdd3a88232.jpg, 1, 0
627_aug_png.rf.77bcbcf4a399624fa77999c462d26334.jpg, 1, 0
Augmented_267_340957_png.rf.7a3a44bb838dc24b1f510cf88b96fcd1.jpg, 1, 0
3295_aug_png.rf.796f75e593efe83f2750031a3c0588fe.jpg, 1, 0
302_aug_png.rf.7ab0e04b9e3b8a8c517e9a2018efb991.jpg, 0, 1
190_png.rf.7a7a0ca9c52b982b4227cc20acdacda6.jpg, 1, 0
499493_png.rf.7a7a8b9efe121f620426f4109be0ac6d.jpg, 1, 0
777_png.rf.76be0cb130e26d4489fc3c5204d3e7a6.jpg, 1, 0
537_aug_png.rf.75b0633b33aa9bc68f9717308a13a063.jpg, 1, 0
368_png.rf.7508312c8af322efd2e1cb5b4300e555.jpg, 0, 1
789_png.rf.7ce47505281294339b115063111cc8c8.jpg, 1, 0
3295_png.rf.7dc669d87f68aa5b8c0624420b1f0c0b.jpg, 1, 0
103_aug_png.rf.75d8bd73aab38cb7aa80768eae07df1f.jpg, 0, 1
99_png.rf.7e07f5cc2e9529d5ad3fa7e589d512d7.jpg, 0, 1
915_png.rf.7a8198edfe8c5163f3aa5ea827d6e7ee.jpg, 1, 0
499493_aug_png.rf.7d32144bb0352762ca5cade5f49f339a.jpg, 1, 0
924_aug_png.rf.7e8d47d74a8dc00ce10577075e4bfabc.jpg, 1, 0
877_aug_png.rf.7dcb989468cb5c009fdb3f3a53b6455d.jpg, 1, 0
79_png.rf.7e63bc538bb8edc6e1ade3588bac80b9.jpg, 1, 0
236_png.rf.7e03b535a11182cb1655f4051f2906f6.jpg, 0, 1
132_aug_png.rf.7f37cb15c2ebbd008212c5dec9499a15.jpg, 0, 1
474_png.rf.7ed77ee47f345e5bf9386324f1a92603.jpg, 1, 0
227_png.rf.7e0e4a91c23f074c20bf7cc12f13d8e8.jpg, 0, 1
203_aug_png.rf.7ea6b1cc411c5f8182ecc058504ff735.jpg, 0, 1
598_png.rf.7fa747dcb1ae5c80487b10a1e54f75cf.jpg, 1, 0
757_png.rf.7fbace2473887ab5911d2a65ecd8a737.jpg, 1, 0
63_png.rf.804a8bfea02d973a95408423fded8240.jpg, 0, 1
1340_png.rf.81a3e368adad32b57c160f6ebceffec8.jpg, 1, 0
128_aug_png.rf.81d66c955ccf5eec6559a46ac900cc30.jpg, 0, 1
176_aug_png.rf.8214db3c03157b026ef8b5a06dd53a64.jpg, 0, 1
1220_png.rf.823ea64dd567d795156c833b90e32571.jpg, 1, 0
1058_png.rf.81b0dda69fc8358225b72dee5d05426a.jpg, 1, 0
1261_png.rf.81e05f0007e5004c508294e4f9a96e69.jpg, 1, 0
683_png.rf.824fa3742d725664d394049c3ce9a975.jpg, 1, 0
1254_png.rf.82ab7784e46800d4157e3a83569da12a.jpg, 1, 0
112_aug_png.rf.82a790a14625df07d85e3b883127cd1d.jpg, 0, 1
867_png.rf.845ee2b6d2a5e10df2fd365748970375.jpg, 0, 1
924_png.rf.82f7229cad39be83dfa7635803633c1c.jpg, 1, 0
317_png.rf.839260ca42b8b12df85fabdc71124dee.jpg, 0, 1
33_aug_png.rf.85dcc39d27a6e442d9e3926bcccf5863.jpg, 0, 1
43_png.rf.83fd2fd10c27ad280edf5996d5fe62e5.jpg, 0, 1
95_aug_png.rf.8597d4e57e38f8303c6e6b9735f541ed.jpg, 0, 1
306_aug_png.rf.866683a59ed1f8faaafd6e7173d3e3c5.jpg, 0, 1
393_aug_png.rf.856e4ce0635ab28507f9eeec77bdcea6.jpg, 1, 0
693_aug_png.rf.86e0f23f3564e30284d1bf306c65d7b1.jpg, 1, 0
288_png.rf.87416ebbc32a7c383caf15c6d1480fc1.jpg, 0, 1
31_aug_png.rf.87f090abe8323e165606b2ed6f3d08e5.jpg, 0, 1
1078_aug_png.rf.83c74c46d5a35185bc4d787787d8322a.jpg, 1, 0
823_png.rf.88372c3201ac7cb0fd0dd8331d6b70a9.jpg, 1, 0
732_aug_png.rf.885d59e8296070af5e79d289d6f633d7.jpg, 1, 0
7576_aug_png.rf.884d638644204f4e772fa1b386a09dd1.jpg, 1, 0
139_aug_png.rf.87c0ab15c8b38521351290a792045ea9.jpg, 0, 1
222_png.rf.88e57fcf763717f0c451e77adf03e6d3.jpg, 0, 1
255_png.rf.88af723ef593aafe38873b9843a9d2c2.jpg, 0, 1
Augmented_292_9405685_aug_png.rf.8991aca79ea84b24ecd75f4665154c23.jpg, 1, 0
619_aug_png.rf.892c8d3539395fadb99ef4e73d2a5aa9.jpg, 1, 0
49_aug_png.rf.89b0fa532a1de3989f81bd4abf2c59e5.jpg, 0, 1
228_aug_png.rf.8a35d711a8034d8611160270bc7272f7.jpg, 0, 1
81_aug_png.rf.88c53b1bdcc32318109ab0720b9c9a77.jpg, 0, 1
192_aug_png.rf.8a9fd130a6a85640f4b018e20d1baf6e.jpg, 0, 1
366_png.rf.8acae41954eeaa6d007f1d0d4b8bc371.jpg, 0, 1
69_png.rf.89e8d590c54e0258f25fa6f25066a488.jpg, 0, 1
734_aug_png.rf.8b9d8b1cfd82eb9ff06a6e89222f31b7.jpg, 1, 0
389_png.rf.8ae37dab36a8905221a118880456b2b8.jpg, 0, 1
854_png.rf.890dad8f4485db68581ef3343924d480.jpg, 0, 1
175_aug_png.rf.8c3d412e9c16452ea69b8d0591647eb5.jpg, 0, 1
216_aug_png.rf.8cf1887e3b556092b46734c23e670f06.jpg, 0, 1
8_png.rf.8ba26766134b0c8fd502b0079e5db76b.jpg, 0, 1
78_png.rf.8d3891f14078c17534d7ec64bd3c2617.jpg, 0, 1
273_aug_png.rf.8fe2084132583429d7a3273e6d4c1f03.jpg, 0, 1
523_png.rf.8e14a137459e46eb71bf4e345d1caf8f.jpg, 1, 0
1024_png.rf.8e2fd246356f4cd2ac9e84ee01db7d53.jpg, 1, 0
450_aug_png.rf.8f08f7325276b31abe2f4d2ca0836d9b.jpg, 1, 0
9_aug_png.rf.8ebfbb7ae7052bc2fd1068735da73cbd.jpg, 0, 1
1220_aug_png.rf.8e4ad55599323f96a1e3476975a866b9.jpg, 1, 0
60_aug_png.rf.9016732bb58f68f82d1b812d2da25450.jpg, 0, 1
66_aug_png.rf.90d6d53a6186be1b14841f06afa638b5.jpg, 0, 1
753_png.rf.9029cb6a649dfe6e1a5e046ef603078b.jpg, 1, 0
Augmented_140_6205781_aug_png.rf.924418d307f4ee6dc6cdf5d1407d78d8.jpg, 1, 0
Augmented_73_2500918_png.rf.91a55e0daacd438f5bef8b964fa41e88.jpg, 1, 0
312_aug_png.rf.92ea52077efc4655f34aaec6370e2534.jpg, 0, 1
Augmented_52_3808930_aug_png.rf.94e85b9b97b0542c32ce9d4b1d7cf647.jpg, 1, 0
226_aug_png.rf.953bd483437af1d1668fac020f477eee.jpg, 0, 1
573_png.rf.959315bc6f7eb9032cbbcc7fa2679ff2.jpg, 1, 0
140_png.rf.90a6022d798ac34fca229ee4af9eb4f9.jpg, 0, 1
Augmented_142_4240524_png.rf.959b240e30046d383fbdc25801826ea5.jpg, 1, 0
250_aug_png.rf.91ca0a1394656e7a4c7b168189a115f2.jpg, 0, 1
1003_png.rf.96a817b149484ca4111c58e6ca70dd10.jpg, 1, 0
323_aug_png.rf.936b565cf34d4fbf208c60cf86a56c2f.jpg, 1, 0
Augmented_96_996275_png.rf.95e66099980479e298654d685000d797.jpg, 1, 0
138_aug_png.rf.971a37a42d3d45d740ef53ede5fa7a36.jpg, 0, 1
12_png.rf.964ba914e57fdc2febf668d4480d3bb5.jpg, 0, 1
8_aug_png.rf.9726b4772798660d305750800cd7f5fe.jpg, 0, 1
111_png.rf.978850a35800576928c72d62d3bc934c.jpg, 0, 1
35_aug_png.rf.975636d6bb8bbe522c68494e0dfef46e.jpg, 0, 1
402_png.rf.986704f5aea441267303b261d62ce6d1.jpg, 0, 1
14_png.rf.98975efdc8d1decdb58428fb4cac77bd.jpg, 0, 1
111111_aug_png.rf.993471a8d4a779c347482fa6b3d164bc.jpg, 1, 0
174_png.rf.977e2b611a667fc914a081097c0ed585.jpg, 0, 1
208_png.rf.98df8a460c8e0b3bc854c7d51a22504c.jpg, 0, 1
190_aug_png.rf.9938d0bd76f8879260179dd15664f519.jpg, 1, 0
239_aug_png.rf.990147dd94cdd616471516ae6c0c282a.jpg, 0, 1
155_aug_png.rf.9aa77f63e2a7d7f42ed54d79a08003db.jpg, 1, 0
180_png.rf.9b1cc0afdc0904f57a411c5da3b7bd50.jpg, 0, 1
194_png.rf.9a6f7714648d6bf21903e190b83e1788.jpg, 0, 1
48_png.rf.9934cdfb5bb5f9c336f358e3d595569b.jpg, 0, 1
27_aug_png.rf.9a53fa27d7b782cd1dcf60d360ecbf4c.jpg, 0, 1
134_aug_png.rf.9ab03311c63c81282958447d74938427.jpg, 0, 1
250_png.rf.9baceb76d290cb5dfe33ffc63eb76214.jpg, 0, 1
709_png.rf.9bf0e160b234866e70403da17d39f965.jpg, 1, 0
Augmented_96_996275_aug_png.rf.9a0ebf4fee9065d10b874640c5c374ac.jpg, 1, 0
922_png.rf.9b897857ffca88152f3c6cb96d0c0df2.jpg, 1, 0
156_aug_png.rf.9c773240527fabaa9ad10f24cab971a7.jpg, 0, 1
277_aug_png.rf.9ae365cabd195af73eda45fa77bfb98c.jpg, 0, 1
1065_png.rf.9d1b661e6d8632aea3e91cf358627d56.jpg, 1, 0
58_aug_png.rf.9b270e53ce53add6d463d1aad390218f.jpg, 0, 1
215_png.rf.9dbe99e28fd63aa80926826cc26376ae.jpg, 0, 1
1057_png.rf.9c346f21ba2f5d8bf769f4d3886eed3b.jpg, 1, 0
1503_aug_png.rf.9e99de20d7a942fe8e224b7f72bb2fdf.jpg, 1, 0
369_png.rf.9e841e57fa7b4b65265e29ae349aa474.jpg, 0, 1
166_png.rf.9ecad7a874823f2a1938ee44eb619c0b.jpg, 0, 1
548_png.rf.9ede839aa06c8c7be3e928acd1731543.jpg, 1, 0
260_png.rf.9e8200447d6346cc95303b656fd5d860.jpg, 0, 1
570_png.rf.a06ad54c258be022918cd61f7b6561c0.jpg, 1, 0
932_png.rf.9fcac6764b91c8ae972bebfa01625f61.jpg, 1, 0
Augmented_282_1324197_png.rf.9e7fdd5f12bd8c3e8f5e7e3d68d0d7c4.jpg, 1, 0
Augmented_169_2180197_aug_png.rf.a0a3c5aa623a3b91c570230bac0562aa.jpg, 1, 0
13_png.rf.9f6709e221f13efe4492e157a9337a3f.jpg, 0, 1
196_png.rf.a02ea3f35db1f8c01ac46c9a74364386.jpg, 0, 1
202_png.rf.a0cd70cddbe62f81564911c679bdb0a6.jpg, 0, 1
1218_png.rf.a124c5bf9d1baf5aa1505cf45d775668.jpg, 1, 0
217_png.rf.a12fcbba22616cb6c053165c6ebad0fc.jpg, 0, 1
953_aug_png.rf.a0b70babda68d3a8423bcfdffc716f91.jpg, 1, 0
284_aug_png.rf.a1816bb71d13f693321188dcb0fc9a4c.jpg, 0, 1
1209_aug_png.rf.a197160eadbc2cd77f4d3ee6d039659e.jpg, 1, 0
1615_aug_png.rf.a267113c60bbe2d9fff4d16cbc9905e2.jpg, 1, 0
Augmented_652_2804611_png.rf.a17b51f98c68775072053c8736672896.jpg, 1, 0
42_png.rf.a3ee42f99b9a704fd59181b84a25a624.jpg, 0, 1
709_aug_png.rf.a3f86bfd7e9a11c8d9a759c7e61d5133.jpg, 1, 0
24_png.rf.a37c6a62d52c7d685d17f412bd388603.jpg, 0, 1
94_aug_png.rf.a42890b12e105b93687b294bd19b9ff1.jpg, 0, 1
142_aug_png.rf.a2f563473319172af6d39a5ee2b0c795.jpg, 0, 1
138_png.rf.a3d8965d9b4cb0afc04d9e0b6059f96f.jpg, 0, 1
114_aug_png.rf.a41e030559ba451f0cdcf77f818f177b.jpg, 0, 1
996_png.rf.a4500b7ab9951177cdc727e46082891d.jpg, 1, 0
863_png.rf.a2c8414142f0caee90bc9a2bf362a902.jpg, 1, 0
89_png.rf.a4b21f295299d1bb51e7dc0654a4878e.jpg, 0, 1
416_png.rf.a56f926f97b59d78e07fc237f0c2d92f.jpg, 1, 0
Augmented_120_536902_aug_png.rf.a505a1036c941c1c43a3ee15ef6a1ba5.jpg, 1, 0
1027_aug_png.rf.a5a7a2dae25b6dc72a2adbcdadebb5e6.jpg, 1, 0
188_png.rf.a5c03b0df2d7a4961bd4955217b469cb.jpg, 0, 1
364_png.rf.a61a8281d69f3b758e57af4f8b578f9f.jpg, 0, 1
259_aug_png.rf.a4f7f7234b03a8e0177abd8cd15b383b.jpg, 0, 1
383_png.rf.a66d608ccc73f6fd2da36101456ee97d.jpg, 0, 1
311_png.rf.a6e2f6a07e60a0ec949e2d6b88481960.jpg, 0, 1
1231_aug_png.rf.a806791861e39cc68bc385be2b8acc91.jpg, 1, 0
341_png.rf.a88655781977deb285c81a263a1a1816.jpg, 0, 1
41_png.rf.a6978287196c759883b02bd2fb497fa3.jpg, 0, 1
Augmented_141_8092740_aug_png.rf.a898c528f7bc7a352f3e050643f76cd2.jpg, 1, 0
672_aug_png.rf.a8b9d631485b63930dc94dc31ff047a0.jpg, 1, 0
336_png.rf.aafec256a6b376909247462082b853ab.jpg, 0, 1
867_aug_png.rf.ab4ec6ca9db59c71a2ee397523b38a5b.jpg, 0, 1
477_aug_png.rf.aae788fae75c6bbb90c5e712ce1de713.jpg, 1, 0
121_aug_png.rf.aa30efbbff3eb0ab953577002a9b226c.jpg, 0, 1
75_aug_png.rf.abb2f397e150ba5cc1da810b86299fbc.jpg, 0, 1
Augmented_264_3012374_png.rf.acd8b1f30172302af1c8159fb5371092.jpg, 1, 0
899_aug_png.rf.aca72408eb4960b9324998e30a032712.jpg, 1, 0
272_png.rf.ac7ccc672824fb211f09c718140dd2c2.jpg, 0, 1
333333_aug_png.rf.adab4503ff91031a1025b6c18488c172.jpg, 1, 0
223_aug_png.rf.ad55fc5879d1a4f9ccfe3eed022d7f54.jpg, 0, 1
173_aug_png.rf.acd140ba8136736b1ed9e5c57232bb7f.jpg, 0, 1
449_png.rf.adfbbd00c3cd24359498e6ec5eb40c81.jpg, 1, 0
947_png.rf.adafad0efb74c71bddc28cb9402af413.jpg, 1, 0
402_aug_png.rf.afa0b5d3f7356d612c12e30795f6516b.jpg, 0, 1
1358_aug_png.rf.afb2b2af50d39ed7615426e0289c2a51.jpg, 1, 0
513_png.rf.af33073ac0c143b178c76d8bf1597c1c.jpg, 1, 0
515_png.rf.adcf40f00e52935aa30117c9e96cb084.jpg, 1, 0
996_aug_png.rf.b042cc2125aef797f9d51de852cdda4a.jpg, 1, 0
1235_png.rf.b05218db74184f7a199c92cc729a9bb0.jpg, 1, 0
4_png.rf.b0f3455ed8539bbe0dd7198e65f08d04.jpg, 0, 1
205_png.rf.b0fdc399aca175a6cbd4faa62e8a8630.jpg, 0, 1
1531_aug_png.rf.b173ef91f207d668fb6592be193a40db.jpg, 1, 0
1157_png.rf.aeddc084d9328b18e81fc96070557440.jpg, 1, 0
1085_png.rf.b2525f13222aaf2a8fcec1b2a02007c0.jpg, 1, 0
79_aug_png.rf.b13b32304d8e9fce9933f63c80b8564c.jpg, 1, 0
527_aug_png.rf.b11820d28054aa2eaba1268f37054221.jpg, 1, 0
202_aug_png.rf.b0265c142b7bd8325d77d1008ad75f1d.jpg, 0, 1
569_png.rf.b14fa74ba296729034aa6b69e343af3d.jpg, 1, 0
35_png.rf.b2615278183a3e28923ae2aa792cfc32.jpg, 0, 1
1340_aug_png.rf.b2b8d116e2d6460b64f39b2b0a506422.jpg, 1, 0
382_aug_png.rf.b3440671cb7d81a2cdad5610bb574342.jpg, 0, 1
845_aug_png.rf.b39736514975958ea04bb0ae0df3311c.jpg, 1, 0
3132_png.rf.b3c39cb2b6a0159c0b74cae5ef99126b.jpg, 1, 0
672_png.rf.b09fd406d3a639815051623c59355a18.jpg, 1, 0
833_png.rf.b4fe0634af5153d37e7f7c539ffcde75.jpg, 0, 1
286_png.rf.b4d1e2993c804d9f20213a92e9d7e185.jpg, 0, 1
Augmented_117_9479645_png.rf.b4354df4f49902b3c5e5f4c2691e4e8f.jpg, 1, 0
1600_aug_png.rf.b5b3f06f67e5a1e583467481842eb121.jpg, 1, 0
946_png.rf.b6538b31787c3ec26b44fd29bd6c7b82.jpg, 1, 0
303_aug_png.rf.b61cb08dfdae983995d86e75611e895c.jpg, 0, 1
290_aug_png.rf.b55dd7d0727bda140c53bd1cc64a8d0e.jpg, 0, 1
297_aug_png.rf.b708c9a3664b2d45677f96a59b0ebe84.jpg, 0, 1
396_png.rf.b7f48769b58ec0ad45afe8f53c3b40db.jpg, 0, 1
316_aug_png.rf.b529bfaeca38054b347fc8f412aee574.jpg, 0, 1
85_png.rf.b837ffb4dd4f7dac94b0c958953eb6b2.jpg, 1, 0
200_aug_png.rf.b7b213d34244a18a366454ae164e5fc7.jpg, 0, 1
10_aug_png.rf.b87c5615fe0ae0bcbe2de672a88f78d9.jpg, 0, 1
746_aug_png.rf.b8373d54a8c20af64c4fcd844488d20c.jpg, 1, 0
Augmented_863_5258905_png.rf.b8e9f46034ba2b299567113ef548e48d.jpg, 1, 0
887_png.rf.b90181f8f93d35027bbd8ef86177bc78.jpg, 0, 1
398_aug_png.rf.b975acf0efe30d0d8dd54e10c79961cb.jpg, 0, 1
54_aug_png.rf.b998c9b42aa6df0d3c69d4fd8a454f34.jpg, 0, 1
107_aug_png.rf.b97acc1b86fa8b77cdf93d314e2eae02.jpg, 0, 1
122_png.rf.ba279b9eab90f5d019fef65d86c22250.jpg, 0, 1
320_aug_png.rf.b986ebc7643956f90d91a20fa09b7fa3.jpg, 0, 1
778_aug_png.rf.ba4a6bb9880b2becdd01de7ade8daf9e.jpg, 1, 0
164_aug_png.rf.ba6c9acccdc55173d122a20551ca5abe.jpg, 0, 1
332_aug_png.rf.bb0e264496d0f5a37fff181265bba149.jpg, 0, 1
5_png.rf.bb28e5b7611357b8be18b6e5d1a2a078.jpg, 1, 0
684_aug_png.rf.bc6b601d4a787ea0b1875db1726fb475.jpg, 1, 0
305_png.rf.ba77dbb22a87c3c5708dbee6805797e1.jpg, 0, 1
915_aug_png.rf.bbb072f1b7a5cd9ca688e4c25bc90edf.jpg, 1, 0
232_aug_png.rf.bcde59a1191cfab99826ff777664540d.jpg, 0, 1
355_png.rf.bd0052913d4db23818f194f7e02ab1d6.jpg, 0, 1
335_png.rf.bc08676c64b5941c919ed17fa2c27613.jpg, 0, 1
1211_aug_png.rf.bd3a4c13669fc017430731f444f283eb.jpg, 1, 0
886_png.rf.bd7e948141b3c3e781e4d13ba265347a.jpg, 1, 0
1350_png.rf.be1f31fda7d0ed93046604f2162e8c92.jpg, 1, 0
348_png.rf.bd18ce9215f36e3c7d15ccc470dc6bd1.jpg, 0, 1
303_png.rf.bf38c1b371ece39aed202c1dfd6b2187.jpg, 0, 1
167_png.rf.bf527d8565cbbbe02f1ec1b9d49c4d1f.jpg, 0, 1
1002_png.rf.bf6636a12fb951ddf394d166f01d044a.jpg, 1, 0
357_png.rf.c130a0302c346ab97cb3d1ba912bda47.jpg, 1, 0
283_png.rf.bf52456b29244f4e63968ea71d1395c4.jpg, 0, 1
1523_aug_png.rf.c14c9b503b151e4d9fe432e88fb221cd.jpg, 1, 0
1035_aug_png.rf.bda1fb345a33640ea97f327e4deadc19.jpg, 1, 0
203_png.rf.bd56af1e025668f51a43366653941e1b.jpg, 0, 1
1060_aug_png.rf.c045554b7d6558ba09d426d8b9dd347d.jpg, 1, 0
833_aug_png.rf.c8cc63366ac85235de0bf50df3c3c631.jpg, 0, 1
1120_png.rf.c5932a893ee4c3a0743675d1e357192d.jpg, 1, 0
84_png.rf.ca5606e1bd1125b3da0e39ef5b423a68.jpg, 1, 0
105_aug_png.rf.c524eaf4df300af95810fa5e9ef37d5c.jpg, 0, 1
1124_aug_png.rf.c6ccff35c5950464c1b77e5e013c1c5d.jpg, 1, 0
1511_aug_png.rf.c703b719e1cfb5a25fc74cef0ef29b03.jpg, 1, 0
1235_aug_png.rf.c1be9a56f63e7df31efd17fba0a5a3c5.jpg, 1, 0
333_aug_png.rf.c300990c2c1fcfadd7794db6f871b965.jpg, 0, 1
1054_png.rf.c5bf4927e78e7bfd604aca22b62e9a6f.jpg, 1, 0
855_png.rf.c24c4ed7d77520ffbf86f5e35b6f6e3d.jpg, 1, 0
106_png.rf.c6d46e58d867f8ef6715ca4c7b67d183.jpg, 0, 1
588_aug_png.rf.c6548abefa5933d3ae9f801bf1143089.jpg, 1, 0
126_png.rf.c40ba31455717d61c8ba50eac47a7106.jpg, 0, 1
34_aug_png.rf.c6de4242abebeb9678d4205338990ded.jpg, 0, 1
1253_png.rf.c796f1597abed0cb33f523ab21ffdc0d.jpg, 1, 0
927_png.rf.c232484d8c7f211ccb4e287841c6b7ca.jpg, 1, 0
1129_aug_png.rf.c8b7295d635d8b82d05094d60f6715bf.jpg, 1, 0
357_aug_png.rf.c6b0c78996ac482dc99618f7714fdb1e.jpg, 1, 0
918_png.rf.c4cfe5a0e0029b212b0d89b6fdc8807e.jpg, 1, 0
376_png.rf.cac22ca2e3dc0d7bfdd059eba347bbef.jpg, 0, 1
168_aug_png.rf.c485a3ff050b1123e5c0f2b6de1312b4.jpg, 0, 1
952_png.rf.c6876e3bf73e495b2232b519e1225563.jpg, 1, 0
872_png.rf.cb482e029b669c26eda7a5508c05d615.jpg, 1, 0
335_aug_png.rf.c19ccce737c122101ec7dd12c7515140.jpg, 0, 1
388_png.rf.ca91a905626f9c914ef2fa0d6f8ee168.jpg, 0, 1
298_png.rf.c357cc46cc14c17a29d5263acd6ba366.jpg, 0, 1
1601_png.rf.cb0402cf28d3095958d351abaf7f5d84.jpg, 1, 0
695_png.rf.c29d25c5c6853c876ff3a6c69bd525c4.jpg, 1, 0
276_png.rf.cc6c5819f0cb77b9a00dfbfaf11cba77.jpg, 0, 1
1126_png.rf.c8cafd233e4b89cbcf23cdf89fcfb362.jpg, 1, 0
708_png.rf.cc1be7f5fc450315c8b47f7e11d1cfda.jpg, 1, 0
30_png.rf.cb863b2d57dd7611d8e4cbd8f049e238.jpg, 0, 1
56799_aug_png.rf.ccac62d11b1face76278b0374a5d5c7e.jpg, 1, 0
261_aug_png.rf.cb884f423007194edd88a444d670bed9.jpg, 0, 1
1061_aug_png.rf.cd6edc0da309520b50b83975c5bf4f47.jpg, 1, 0
Augmented_691_3472023_aug_png.rf.ccbc6a5e574b8133fc67933b6766c897.jpg, 1, 0
333333_png.rf.cccdaaf0ba5e753733cbf8cd0607202c.jpg, 1, 0
208_aug_png.rf.cdba9e49304b76c5f8304b59e0a1a333.jpg, 0, 1
415_png.rf.ce48d7078ebb187fdae52a47ad443325.jpg, 1, 0
583_png.rf.ce345aa77d2cfb07dc63f9ebe0b6bde6.jpg, 1, 0
561_png.rf.cda799bb6346ba8d0edca2a936c671b8.jpg, 1, 0
74_png.rf.cd996f580ef32b10a722f5e763a8af2b.jpg, 0, 1
953_png.rf.cdb0dc721b21c3c04cbfc4720618a016.jpg, 1, 0
53_png.rf.cf57e6e01cf20e627068ef937352403b.jpg, 1, 0
395_aug_png.rf.d0115fdb5e3a00dc328f300c2904a387.jpg, 0, 1
76_aug_png.rf.cf1a955bd7ed6b762143f2520854c68f.jpg, 0, 1
Augmented_71_9889238_png.rf.cf853efe104c5f01d659aab4ac64a220.jpg, 1, 0
221_png.rf.cf9cb34c7bf34c751034b4b057f485a3.jpg, 0, 1
157_aug_png.rf.cf8a9519b5560d06ea082c252924aba4.jpg, 0, 1
Augmented_567_8078492_aug_png.rf.d073ec3b7e3a513908c820f43bab3762.jpg, 1, 0
293_png.rf.d08d1a5dbab009c5c4c96b5f67bab2a5.jpg, 0, 1
289_aug_png.rf.d0f2f66f1699d3ff10c2434b42b85c12.jpg, 0, 1
1084_aug_png.rf.d08f1e9dd13f7a667f0f20e43a8a15e9.jpg, 1, 0
854_aug_png.rf.d2a8d2be88fed602138a6669128e8ab5.jpg, 0, 1
5_aug_png.rf.d26236e7bc169b3e3171ef0a01de6283.jpg, 1, 0
777_aug_png.rf.d295cba9004760cf15e01c689e3aea03.jpg, 1, 0
99_aug_png.rf.d21195718c98916178a9f66eba133b17.jpg, 0, 1
326_png.rf.d2ebd8a9e45e0db16901faf5950d4c62.jpg, 0, 1
1259_aug_png.rf.d50dec4617181a04f0b32a516e20ce51.jpg, 1, 0
673_aug_png.rf.d370bb4cc91b2d075ad5c16ce665c84d.jpg, 1, 0
42_aug_png.rf.d36860a5ba39b2f45093b7692b6e3704.jpg, 0, 1
119_aug_png.rf.d38ac0feb5e7b079933982d0403b3f1a.jpg, 0, 1
44_png.rf.d51b8c5698d57576a862297007c38786.jpg, 0, 1
Augmented_759_6630856_aug_png.rf.d59b56f45a178ebde35df8d7fd72bba4.jpg, 1, 0
266_aug_png.rf.d5728941023a0ebdc9c8ec178e32580a.jpg, 0, 1
96_png.rf.d5de0fa0d2737111bdfb5406b817980c.jpg, 0, 1
Augmented_309_8768397_png.rf.d3190b796b954d5d1921c828dae7b3c6.jpg, 1, 0
327_png.rf.d6aeb5984170040f270a493a833ce136.jpg, 0, 1
1063_png.rf.d6c0cb2a0696b6cdaa54f21b5f13c89c.jpg, 1, 0
1770_png.rf.d6cae22bef18f1d93c369e3581821ce8.jpg, 1, 0
247_png.rf.d5242638ec541d2f3c37e0721a573c44.jpg, 0, 1
1615_png.rf.d6f59479d8032563ce828a42cb360786.jpg, 1, 0
56_png.rf.d7e2fbcd9e809542d46b94919d5af27e.jpg, 0, 1
81_png.rf.d7f01d45d59627c68acecba6168e8894.jpg, 0, 1
820_aug_png.rf.d7b1ec660e02faafe548b7a8c1c459ea.jpg, 1, 0
398_png.rf.d88ec499e96a32525ed781c6632b27ff.jpg, 0, 1
1337_aug_png.rf.dae64ae67e8f9f5ec1a61e38f8b94fb9.jpg, 1, 0
85_aug_png.rf.db62c79dd5cdc7001503aeceb6aa636c.jpg, 1, 0
Augmented_94_1984948_aug_png.rf.d88f9dd04fabcb346ac3917bea6522d2.jpg, 1, 0
372_png.rf.da007b595a18b4601d9452a21594781c.jpg, 0, 1
1061_png.rf.d5e0e020095e8e3a7eb45dabaa24a207.jpg, 1, 0
383_aug_png.rf.dbf3235b90d731c7da0850ef9d7e6686.jpg, 0, 1
120_png.rf.dab20d1e68292f5d1e9362caae47ce30.jpg, 0, 1
1057_aug_png.rf.db4a8567022468def9ec5350a514cf89.jpg, 1, 0
1211_png.rf.dd126e4f47d854ab874efc7bbe78625a.jpg, 1, 0
1502_aug_png.rf.dd6ea6c8ce4c7468c7ac955e4e04fb66.jpg, 1, 0
89_aug_png.rf.dd496a7d88148eeb82c173054533bf96.jpg, 0, 1
72_aug_png.rf.def672cf9c2dc164ea5b39438d25b22b.jpg, 0, 1
108_aug_png.rf.df4fd0ab5da159e05c39c2103358ff58.jpg, 0, 1
561_aug_png.rf.deb435f8e712e7f4a383d1a6a4957ecd.jpg, 1, 0
31_png.rf.dfe52413d67c0a99eff11386a6230ecb.jpg, 0, 1
381_aug_png.rf.df4c36668094838bc787d8f35d0e1aff.jpg, 0, 1
220_aug_png.rf.e0d0ba8d5d7fd0cc4c31e4c07719b9dc.jpg, 0, 1
1024_aug_png.rf.dc7ba0a7a73834dc50faaff660189a2d.jpg, 1, 0
570_aug_png.rf.df81c292f31de9362e7ce954b35db72a.jpg, 1, 0
200_png.rf.e1bd08215412c6e806f59a3b0014444d.jpg, 0, 1
687_aug_png.rf.e1f18b6d21396741e36321229366bc0b.jpg, 1, 0
103_png.rf.deeb2a5abb807bb9840f0a421da31647.jpg, 0, 1
84_aug_png.rf.e0d60c7d269e66bdbb8a3f5b28389290.jpg, 1, 0
40_aug_png.rf.e291d23eb475f1a26ef21a9d371b961e.jpg, 0, 1
21_png.rf.e1a6849b0757981defeeb0cb1de1564f.jpg, 0, 1
73_aug_png.rf.e2e7cd58fb48d3b6b04a1b1e57b9603e.jpg, 0, 1
400_aug_png.rf.e2280d903529e0573e5498ad990d772b.jpg, 0, 1
Augmented_65_5620126_png.rf.e2c6b268d6b56cd77c506270d901c62d.jpg, 1, 0
183_aug_png.rf.e367e29baa7f15917e9b6574530c0e99.jpg, 0, 1
1115_png.rf.e367883d5d3fd0e332645651f134266b.jpg, 1, 0
944_aug_png.rf.e3ffac77ffe9117ee0ad0ddb4e64f6dd.jpg, 1, 0
319_aug_png.rf.e23f5407841f0692df9cdeb3c1c2b498.jpg, 0, 1
59_aug_png.rf.e301c7036a78af3e059a6f2fa60120f3.jpg, 0, 1
115_aug_png.rf.e41a729a6879ccd35d4587ee3426b15e.jpg, 0, 1
707_png.rf.e5a052213721cb3b7031b2fd13f7137e.jpg, 1, 0
204_aug_png.rf.e4c5e121b19d9ec30e0068dacf22403c.jpg, 0, 1
1250_png.rf.e3ce9d9be39692365cad4050d0d1b047.jpg, 1, 0
238_png.rf.e674ea318a7b2c5d689a25f8d8b77d48.jpg, 0, 1
1103_png.rf.e455a012a25f9a710daeb495ed86ffb6.jpg, 1, 0
247_aug_png.rf.e5e7534fd0b5e983824d49abf7bfd4a9.jpg, 0, 1
372_aug_png.rf.e7029d2cc76d91a0c66a476713b39a92.jpg, 0, 1
986_png.rf.e40075845146f6ed955f2afe5f366d3e.jpg, 1, 0
98_png.rf.e85011f538076603b44db09b732a4156.jpg, 0, 1
658_png.rf.e84b811c278a41e923135f5b96c98804.jpg, 1, 0
307_png.rf.e8e5573599389c816db79037c4c51cc8.jpg, 0, 1
338_aug_png.rf.e89dab0604c0c4e9358df4b6229b07ac.jpg, 0, 1
1117_aug_png.rf.eac286f866d12533ff74a1d3db607856.jpg, 1, 0
Augmented_267_340957_aug_png.rf.e95242d3e2f615a915215a4e5923b6e1.jpg, 1, 0
25_aug_png.rf.e8d5adb55d6d2f9eb63848b4a8bb17ea.jpg, 0, 1
12_aug_png.rf.ebeb24daa6dda939e0fdf5c64270cab8.jpg, 0, 1
457_png.rf.ea91c0dfe470f32b2dbe6be5db1debdf.jpg, 1, 0
708_aug_png.rf.ec0d94cbc6706da9c288e115fc8bfc90.jpg, 1, 0
1587_aug_png.rf.eb42275c23547a3bc2bbe40928fbfdb9.jpg, 1, 0
1107_aug_png.rf.ecd03118d9deb579bdeaa79b0e9c5ff0.jpg, 1, 0
1204_aug_png.rf.ed024893760a56accf0e2611b65c9e2b.jpg, 1, 0
245_png.rf.ec6c796e88b1e63c3c47cf12094816f2.jpg, 0, 1
395_png.rf.ed357c7aa3c4dae254a6931ccad403fc.jpg, 0, 1
1477_png.rf.e98a59871899a943d4a11e22a75c0871.jpg, 1, 0
477_png.rf.ed52e1d99fb067de3756bd55847b9e1a.jpg, 1, 0
67_aug_png.rf.ed74cdcc135e978db49857183c2a3806.jpg, 0, 1
2_png.rf.edbf670863e3b091eca90fe2d5ba7755.jpg, 0, 1
160_aug_png.rf.edd7f4e861b96eee46c2b22f36c39322.jpg, 0, 1
243_aug_png.rf.edf338eebba3cf016ca26e767593fa2a.jpg, 0, 1
599_png.rf.ee7a4e833535983829a893d024452da9.jpg, 1, 0
1081_aug_png.rf.ef26f912c5513213eebe83d9019366a1.jpg, 1, 0
579_png.rf.eff8c08099962694c1575b1a40e17663.jpg, 1, 0
738_aug_png.rf.ef042e59794bc0d5f88022c900e0a889.jpg, 1, 0
165_aug_png.rf.f15802a11753a100545470830f2e72bd.jpg, 0, 1
1358_png.rf.ef2b2dc821009cf0a92dc34a2829f8de.jpg, 1, 0
1116_aug_png.rf.f2575d6283a5eea60882a0b4a1a245fc.jpg, 1, 0
17_png.rf.f005f118638c0c67a525da0823bd52c2.jpg, 0, 1
74_aug_png.rf.f114ffdc5310dbb58441b8bc80104e0f.jpg, 0, 1
1601_aug_png.rf.f329099e9b93c84409fe2ca634261dbb.jpg, 1, 0
845_png.rf.f2b55f88ac9e9ba9d562812af082b3a0.jpg, 1, 0
94_png.rf.f2eea9863bbada5881dbadb43315789a.jpg, 0, 1
44_aug_png.rf.f3fab2976b605d27b4f4a54fe1e6b34f.jpg, 0, 1
312_png.rf.f38f9d008474bafd8c6ff158b2f3c160.jpg, 0, 1
77_png.rf.f3dc5a6b135ce4979f65fe93da1bf317.jpg, 0, 1
271_aug_png.rf.f489ee880906a90eb74c82205a7cd546.jpg, 0, 1
214_aug_png.rf.f5db7034b6e41d7ca717d5aa200b0e88.jpg, 0, 1
212_png.rf.f4fc0cf344dce38de6b1a5f1ebeddb51.jpg, 0, 1
283_aug_png.rf.f5efa8e10f6da5257262a940c9405df3.jpg, 0, 1
540_png.rf.f4ddc345c98089caca1c63d0dfbd1f05.jpg, 1, 0
393_png.rf.f38465621def1abc23889db30efd2619.jpg, 1, 0
Augmented_19_9334896_aug_png.rf.f6b7ea5fd7bb6cbcf2bcec6359774f58.jpg, 1, 0
1065_aug_png.rf.f78070f4c6fa563bbcbd36bb75cbd154.jpg, 1, 0
Augmented_73_2500918_aug_png.rf.f620e95d62c938481dac0cb547524525.jpg, 1, 0
126_aug_png.rf.f6913d59fbb2853e9682dedd0f06af59.jpg, 0, 1
954_aug_png.rf.f73440b4a1824f3145969b0b25c1e548.jpg, 1, 0
300_png.rf.f7ebea5a26b980be6e52af0883681693.jpg, 0, 1
1058_aug_png.rf.f7819aa9e9fbc4981c63b4c5d187ab51.jpg, 1, 0
338_png.rf.f9708b98df51896d0b5db84050191e21.jpg, 0, 1
596_aug_png.rf.fa2c6c19d7c0e93699fbc231172f5bbd.jpg, 1, 0
310_aug_png.rf.faa341c05ac7b577044c02e5fe4d8b21.jpg, 0, 1
110_png.rf.fb08ba2490525b61875ab66b93a8d0c1.jpg, 0, 1
842_aug_png.rf.fc931df07c1c7cd73b084d492389ad88.jpg, 1, 0
1157_aug_png.rf.f904e655fe0000bac9061f89b949a95e.jpg, 1, 0
123_png.rf.fd48e0b7444977d44dd5ab9bb918b045.jpg, 0, 1
1080_aug_png.rf.fdb8f5412c0586914e94ce27b048acf8.jpg, 1, 0
169_aug_png.rf.fc6df33fcc675f7a8770b5603cd56af3.jpg, 0, 1
100_png.rf.fe1a73535da55fd138a142ab13d21752.jpg, 0, 1
280_aug_png.rf.fdab24a0c99bc76983a353f29a2e09f3.jpg, 0, 1
314_png.rf.fd3f1ce59491a6e33230dbf3875bde2a.jpg, 0, 1
1034_aug_png.rf.fbaf33a53c789061311ce77c731d6c67.jpg, 1, 0
158_png.rf.fedc910ecd531ad08abca6a043e2c948.jpg, 0, 1
349_aug_png.rf.fda9d3679e695038a8f7f5f0beac6b11.jpg, 0, 1
77_aug_png.rf.fe7e31fe654fecdc5f9a254746008334.jpg, 0, 1
253_png.rf.ff219e844eb062c719123d322f899189.jpg, 0, 1
298_aug_png.rf.ffe304cbeeade6286ef196468ac542dd.jpg, 0, 1